{"steps": 100270080, "epoch_time": 62.67282, "eval/walltime": 102.18526649475098, "eval/episode_distance_from_origin": 39821.6953125, "eval/episode_rew_ctrl_cost": -455.26531982421875, "eval/episode_rew_forward": 5432.8642578125, "eval/episode_rew_healthy": 4501.328125, "eval/episode_reward": 9478.927734375, "eval/episode_x_position": 39548.125, "eval/episode_x_velocity": 4346.2919921875, "eval/episode_y_position": -3997.49267578125, "eval/episode_y_velocity": -442.18841552734375, "eval/episode_distance_from_origin_std": 13910.345703125, "eval/episode_rew_ctrl_cost_std": 111.80248260498047, "eval/episode_rew_forward_std": 1434.9427490234375, "eval/episode_rew_healthy_std": 1102.660888671875, "eval/episode_reward_std": 2424.38671875, "eval/episode_x_position_std": 13828.462890625, "eval/episode_x_velocity_std": 1147.954345703125, "eval/episode_y_position_std": 1972.843017578125, "eval/episode_y_velocity_std": 174.3389434814453, "eval/avg_episode_length": 900.5078125, "eval/epoch_eval_time": 7.980527877807617, "eval/sps": 16039.03926655585, "_timestamp": 1716417468.6021407, "_runtime": 645.8427846431732, "_step": 9, "training/sps": 203747.35057876824, "training/walltime": 521.2764217853546, "training/entropy_loss": 0.016340509057044983, "training/policy_loss": 0.003273576498031616, "training/total_loss": 0.07453519850969315, "training/v_loss": 0.05492111295461655, "_wandb": {"runtime": 646}}