{"steps": 30146560, "eval/walltime": 61.75943899154663, "eval/episode_distance_from_origin": 808.4630737304688, "eval/episode_rew_ctrl_cost": 182.11268615722656, "eval/episode_rew_forward": 370.49365234375, "eval/episode_rew_healthy": 1102.4609375, "eval/episode_reward": 1655.0672607421875, "eval/episode_x_position": 745.9908447265625, "eval/episode_x_velocity": 296.39495849609375, "eval/episode_y_position": 34.809242248535156, "eval/episode_y_velocity": 11.652365684509277, "eval/episode_distance_from_origin_std": 868.4949951171875, "eval/episode_rew_ctrl_cost_std": 88.41439819335938, "eval/episode_rew_forward_std": 225.5987548828125, "eval/episode_rew_healthy_std": 536.181884765625, "eval/episode_reward_std": 847.0125732421875, "eval/episode_x_position_std": 855.4767456054688, "eval/episode_x_velocity_std": 180.47901916503906, "eval/episode_y_position_std": 133.8466339111328, "eval/episode_y_velocity_std": 47.20550537109375, "eval/avg_episode_length": 220.4921875, "eval/epoch_eval_time": 7.898388624191284, "eval/sps": 16205.83717645394, "_timestamp": 1716364341.515601, "_runtime": 258.6586308479309, "_step": 4, "training/sps": 204971.23281721596, "training/walltime": 174.59903478622437, "training/entropy_loss": -0.004981182981282473, "training/policy_loss": -0.008176164701581001, "training/total_loss": 0.22259095311164856, "training/v_loss": 0.235748291015625, "_wandb": {"runtime": 259}}