{"steps": 22609920, "epoch_time": 13110.137333, "eval/walltime": 4940.793489456177, "eval/episode_distance_from_origin": 5545450.0, "eval/episode_rew_ctrl_cost": -0.4537237584590912, "eval/episode_rew_forward": 154310752.0, "eval/episode_rew_healthy": 0.0, "eval/episode_reward": 154310752.0, "eval/episode_x_position": 987589.125, "eval/episode_x_velocity": 123448632.0, "eval/episode_y_position": -1249037.75, "eval/episode_y_velocity": -156129728.0, "eval/episode_distance_from_origin_std": 22482798.0, "eval/episode_rew_ctrl_cost_std": 0.17617569863796234, "eval/episode_rew_forward_std": 2313229568.0, "eval/episode_rew_healthy_std": 0.0, "eval/episode_reward_std": 2313229568.0, "eval/episode_x_position_std": 14804672.0, "eval/episode_x_velocity_std": 1850583808.0, "eval/episode_y_position_std": 14755304.0, "eval/episode_y_velocity_std": 1844412928.0, "eval/avg_episode_length": 1.0, "eval/epoch_eval_time": 1226.114839553833, "eval/sps": 104.39478902855258, "_timestamp": 1716496397.2567272, "_runtime": 42800.29467725754, "_step": 3, "training/sps": 634.1832575827257, "training/walltime": 37829.15835618973, "training/entropy_loss": -0.008036493323743343, "training/policy_loss": -0.008478659205138683, "training/total_loss": 1.6061549894434816e+16, "training/v_loss": 1.6061549894434816e+16}