{"steps": 30146560, "eval/walltime": 61.974363565444946, "eval/episode_distance_from_origin": 9918.9228515625, "eval/episode_rew_ctrl_cost": -305.79888916015625, "eval/episode_rew_forward": 1512.14794921875, "eval/episode_rew_healthy": 3479.4140625, "eval/episode_reward": 4685.7626953125, "eval/episode_x_position": 9773.23828125, "eval/episode_x_velocity": 1209.718505859375, "eval/episode_y_position": -1019.6154174804688, "eval/episode_y_velocity": -135.4906463623047, "eval/episode_distance_from_origin_std": 6955.09765625, "eval/episode_rew_ctrl_cost_std": 137.00747680664062, "eval/episode_rew_forward_std": 711.1165771484375, "eval/episode_rew_healthy_std": 1579.1534423828125, "eval/episode_reward_std": 2152.000244140625, "eval/episode_x_position_std": 6892.87060546875, "eval/episode_x_velocity_std": 568.8931884765625, "eval/episode_y_position_std": 1094.967529296875, "eval/episode_y_velocity_std": 99.06920623779297, "eval/avg_episode_length": 696.4921875, "eval/epoch_eval_time": 8.008589029312134, "eval/sps": 15982.84036445232, "_timestamp": 1716404707.0412657, "_runtime": 260.80896162986755, "_step": 4, "training/sps": 204029.66891565814, "training/walltime": 176.25926041603088, "training/entropy_loss": -0.0025477991439402103, "training/policy_loss": -0.007840728387236595, "training/total_loss": 0.060777448117733, "training/v_loss": 0.07116597890853882, "_wandb": {"runtime": 261}}