{"steps": 0, "eval/walltime": 29.162562370300293, "eval/episode_distance_from_origin": 19.281341552734375, "eval/episode_rew_ctrl_cost": -25.858949661254883, "eval/episode_rew_forward": -0.019701048731803894, "eval/episode_rew_healthy": 112.6171875, "eval/episode_reward": 86.73854064941406, "eval/episode_x_position": 0.32444775104522705, "eval/episode_x_velocity": -0.015760794281959534, "eval/episode_y_position": 0.03457178175449371, "eval/episode_y_velocity": 0.2706466317176819, "eval/episode_distance_from_origin_std": 3.482161045074463, "eval/episode_rew_ctrl_cost_std": 4.714012145996094, "eval/episode_rew_forward_std": 4.778628826141357, "eval/episode_rew_healthy_std": 19.901758193969727, "eval/episode_reward_std": 17.597637176513672, "eval/episode_x_position_std": 0.7759966850280762, "eval/episode_x_velocity_std": 3.8229031562805176, "eval/episode_y_position_std": 0.833128809928894, "eval/episode_y_velocity_std": 4.5691142082214355, "eval/avg_episode_length": 23.5234375, "eval/epoch_eval_time": 29.162562370300293, "eval/sps": 4389.189069694288, "_timestamp": 1716365827.9466598, "_runtime": 50.51798176765442, "_step": 0, "_wandb": {"runtime": 122}}