{"steps": 30146560, "epoch_time": 44.796071, "eval/walltime": 62.14529991149902, "eval/episode_distance_from_origin": 10400.451171875, "eval/episode_rew_ctrl_cost": -330.92266845703125, "eval/episode_rew_forward": 1536.83447265625, "eval/episode_rew_healthy": 3718.515625, "eval/episode_reward": 4924.4267578125, "eval/episode_x_position": 10287.892578125, "eval/episode_x_velocity": 1229.4674072265625, "eval/episode_y_position": -739.4260864257812, "eval/episode_y_velocity": -94.89608001708984, "eval/episode_distance_from_origin_std": 6445.59326171875, "eval/episode_rew_ctrl_cost_std": 131.80650329589844, "eval/episode_rew_forward_std": 643.6787719726562, "eval/episode_rew_healthy_std": 1475.25634765625, "eval/episode_reward_std": 1985.4444580078125, "eval/episode_x_position_std": 6413.07666015625, "eval/episode_x_velocity_std": 514.9429321289062, "eval/episode_y_position_std": 803.9072875976562, "eval/episode_y_velocity_std": 91.86591339111328, "eval/avg_episode_length": 744.25, "eval/epoch_eval_time": 7.907841682434082, "eval/sps": 16186.464668903287, "_timestamp": 1716405643.185741, "_runtime": 260.6295578479767, "_step": 4, "training/sps": 204396.23561640707, "training/walltime": 176.0640914440155, "training/entropy_loss": -0.0023528372403234243, "training/policy_loss": -0.007222984917461872, "training/total_loss": 0.06812265515327454, "training/v_loss": 0.0776984840631485, "_wandb": {"runtime": 261}}