{"# environment steps": 30146560, "reward per episode": 4277.138671875, "reward std": 2055.517333984375, "x_position": 0, "y_position": 0, "distance_from_origin": 0, "x_velocity": 0, "y_velocity": 0, "_timestamp": 1716362805.3384237, "_runtime": 258.11427664756775, "_step": 4, "_wandb": {"runtime": 258}}