{"steps": 16056320, "epoch_time": 19.298648, "eval/walltime": 88.0796959400177, "eval/episode_distance_from_origin": 154.74749755859375, "eval/episode_rew_ctrl_cost": -54.142005920410156, "eval/episode_rew_forward": 99.48521423339844, "eval/episode_rew_healthy": 618.203125, "eval/episode_reward": 663.5462646484375, "eval/episode_x_position": 98.14469146728516, "eval/episode_x_velocity": 79.58817291259766, "eval/episode_y_position": -10.129511833190918, "eval/episode_y_velocity": -10.094513893127441, "eval/episode_distance_from_origin_std": 85.50364685058594, "eval/episode_rew_ctrl_cost_std": 17.50440788269043, "eval/episode_rew_forward_std": 43.8513298034668, "eval/episode_rew_healthy_std": 194.97169494628906, "eval/episode_reward_std": 213.76136779785156, "eval/episode_x_position_std": 77.35835266113281, "eval/episode_x_velocity_std": 35.0810661315918, "eval/episode_y_position_std": 24.68485450744629, "eval/episode_y_velocity_std": 29.09347152709961, "eval/avg_episode_length": 124.640625, "eval/epoch_eval_time": 8.058120489120483, "eval/sps": 15884.597428496725, "_timestamp": 1716415188.9129229, "_runtime": 218.23579382896423, "_step": 7, "training/sps": 204349.76257158446, "training/walltime": 107.03603553771973, "training/entropy_loss": -0.007098024245351553, "training/policy_loss": -0.010494512505829334, "training/total_loss": 0.08686941117048264, "training/v_loss": 0.10446194559335709, "_wandb": {"runtime": 237}}