{"steps": 30146560, "epoch_time": 223.753455, "eval/walltime": 31.544485807418823, "training/sps": 172809.10857620495, "training/walltime": 174.45006370544434, "training/entropy_loss": -0.007267529144883156, "training/policy_loss": -0.009235499426722527, "training/total_loss": 0.07571233808994293, "training/v_loss": 0.09221536666154861, "eval/episode_distance_from_origin": 8380.8037109375, "eval/episode_rew_ctrl_cost": -294.5610046386719, "eval/episode_rew_forward": 1356.756103515625, "eval/episode_rew_healthy": 3323.125, "eval/episode_reward": 4385.3203125, "eval/episode_x_position": 8282.73828125, "eval/episode_x_velocity": 1085.405029296875, "eval/episode_y_position": 296.6156921386719, "eval/episode_y_velocity": 46.41442108154297, "eval/episode_distance_from_origin_std": 6251.13232421875, "eval/episode_rew_ctrl_cost_std": 131.77613830566406, "eval/episode_rew_forward_std": 641.933837890625, "eval/episode_rew_healthy_std": 1476.716064453125, "eval/episode_reward_std": 1984.3485107421875, "eval/episode_x_position_std": 6226.333984375, "eval/episode_x_velocity_std": 513.547119140625, "eval/episode_y_position_std": 742.6658325195312, "eval/episode_y_velocity_std": 78.1682357788086, "eval/avg_episode_length": 665.296875, "eval/epoch_eval_time": 31.544485807418823, "eval/sps": 4057.761498521437, "_timestamp": 1716406225.2882621, "_runtime": 227.9383521080017, "_step": 0, "_wandb": {"runtime": 228}}