{"steps": 151388160, "epoch_time": 214.595099, "eval/walltime": 173.9449429512024, "eval/episode_distance_from_origin": 45045.30859375, "eval/episode_rew_ctrl_cost": -448.8475341796875, "eval/episode_rew_forward": 6363.4033203125, "eval/episode_rew_healthy": 4335.78125, "eval/episode_reward": 10250.337890625, "eval/episode_x_position": 44935.6328125, "eval/episode_x_velocity": 5090.72265625, "eval/episode_y_position": 1114.060546875, "eval/episode_y_velocity": 43.094642639160156, "eval/episode_distance_from_origin_std": 18806.17578125, "eval/episode_rew_ctrl_cost_std": 131.8363037109375, "eval/episode_rew_forward_std": 2047.9234619140625, "eval/episode_rew_healthy_std": 1264.9755859375, "eval/episode_reward_std": 3179.0556640625, "eval/episode_x_position_std": 18783.81640625, "eval/episode_x_velocity_std": 1638.3389892578125, "eval/episode_y_position_std": 1900.26318359375, "eval/episode_y_velocity_std": 177.4230194091797, "eval/avg_episode_length": 867.4375, "eval/epoch_eval_time": 39.255356788635254, "eval/sps": 3260.701480544358, "_timestamp": 1716416371.7210627, "_runtime": 1116.8735747337341, "_step": 14, "training/sps": 61675.066177755274, "training/walltime": 919.8947107791901, "training/entropy_loss": 0.019286636263132095, "training/policy_loss": 0.004159986972808838, "training/total_loss": 0.12147578597068787, "training/v_loss": 0.09802915900945663, "_wandb": {"runtime": 1117}}